Direction,Sample,Sep,Mouse Speed,Eye Speed,Mouse Angle,Eye Angle,Mouse I-Angle,Eye I-Angle,Mouse Region,Eye Region
2,24,0,675.3231873929429,187.11513032184644,0.8507488068816673,1.6492124949313365,0.004489162134492506,0.0,0,0
2,24,0,1425.881666179849,116.21314328721597,0.6360604041966161,2.1818481962504364,0.0,0.0004497421250875013,0,0
2,24,0,3235.3468794270293,66.2048947914302,0.7752617135502673,2.109079314446856,0.0,0.0004106414626174352,0,0
2,24,0,3864.60045259928,253.32934563299702,0.7481144155685582,2.036677291429815,0.0,0.00023772234470002598,0,0
2,24,0,2338.936482564624,10242.528061722222,0.7027001651733669,2.131307779667005,0.0,0.04132634919010197,2,2
2,24,0,2030.951182601347,1218.3136634761936,0.7196637687773844,2.0357650550288993,0.0,0.0032907101915472074,2,2
2,24,0,1895.3713479120504,260.1417586457999,0.7896537413685485,2.0561357889283944,0.0,0.0006461880238192718,2,1
2,24,0,1790.3728390213669,323.5268044503653,0.8576026882419322,2.022398357879282,0.0,0.0007981947692432518,2,1
2,24,0,907.6482061222556,161.9554010232921,0.9138318324231006,1.9026851698465308,0.0,0.00016145472216582104,2,1
2,24,0,420.4741821315843,433.40377578175963,1.1464276856644966,2.099982545917628,0.0,0.0018194585062504293,2,1
2,24,0,705.3844138763179,769.2215613367462,1.538731389251914,2.0077288609442725,0.0,0.0009987593991508269,2,1
2,24,0,930.0211932941334,836.8712054385751,1.5336823935284332,1.9762802485375623,0.0,0.0008747485108168617,2,1
2,24,0,2201.3270225890515,105.94833938002851,1.2764934356597832,1.9278530832744176,0.0,0.00026344536571509293,2,1
2,24,0,1053.3920810750726,262.2013971716952,0.94079671379421,2.145644761383606,0.0,0.000621352957667767,2,1
2,24,0,537.4931613269214,358.0967484146936,0.6467972782268783,2.209472122075967,0.006292421142109738,0.0,2,1
2,24,0,178.39887014048912,353.64956378154176,1.1395969517159388,1.4909446545865706,0.0,0.0008049653385788465,2,1
2,24,0,84.1750841750842,267.96496075921675,1.6765684066361304,1.7112627732569152,0.0015265724611322855,0.0,2,1
2,24,0,0.0,203.2920996395876,0.0,2.7959498500621467,0.0,0.0,2,0
2,25,0,0.0,241.53014257018455,0.0,1.9302033551323856,0.0,0.0,0,0
2,25,0,1754.2780164160845,6533.324014554096,0.7092177364068626,2.128309415687009,0.011843114222341073,0.0,2,0
2,25,0,3230.7007846898077,1432.2718610824609,0.7593458177244241,1.9261143927720448,0.0,0.0010551662629627962,2,0
2,25,0,5104.4791740228275,519.4943247774819,0.6823412786669483,2.0549929651651118,0.0,0.0016772217960175045,2,0
2,25,0,5302.800940256302,311.80254496434435,0.828298032884992,2.0196858452012454,0.0,0.0005411420677308214,2,1
2,25,0,1706.1739391822002,703.7840334545634,0.91422980523692,1.9707209662697809,0.0,0.00019328858138949575,2,1
2,25,0,1681.361821501926,311.46556600026383,0.9194088147231734,1.9557170362710776,0.009501179457352387,0.0,2,1
2,25,0,317.0508805240339,428.41967877122687,0.9111172210725808,2.313403778701131,0.0,0.002985368295180016,2,1
2,25,0,265.75480912181666,305.32135320836284,1.6328727144272703,2.134302264418096,0.0006725638058635513,0.0,2,1
2,25,0,500.2024629016507,344.22828237808085,1.5233845606967995,1.9289232810084933,0.0016523373968243456,0.0,2,1
2,25,0,466.935794467962,356.5530220091529,1.3132811824780362,1.7277295031418054,0.0,0.0002996301886624327,2,1
2,25,0,237.76500891618787,161.05636604590046,1.2324580660213391,1.7674992092129032,0.0,0.0006254847123467425,2,1
2,25,0,0.0,295.09485241959266,0.0,2.122802596474481,0.0,0.0,2,0
2,26,0,1550.543359645506,260.8954148685824,0.8246791582709572,2.138040545455661,0.005516401820408433,0.0,0,0
2,26,0,1121.2909526439896,227.99731244934205,0.5226945791339787,2.1226360847473225,0.0,0.00029293267911630674,0,0
2,26,0,2049.634213577738,117.844485828744,0.7396775822564234,1.9549252699566109,0.0229001462299292,0.0,0,0
2,26,0,4064.4751084844665,10043.675507262742,0.7633565341745431,2.1690682051041166,0.0,0.04827587097957978,2,0
2,26,0,2762.009322776192,3589.753171448438,0.7241514605184759,2.1117714764752007,0.0,0.017254403065397154,2,2
2,26,0,5635.120761334764,419.53124220294654,0.9497371836612192,2.1596234505769525,0.02254998287582301,0.0,2,1
2,26,0,3575.6264682079527,349.15924763317116,0.9818391553366306,2.097938869256909,0.0,0.0016345047921083196,2,1
2,26,0,1595.9277913655505,424.91943340061334,0.9863228472180772,1.9332519150317684,0.0,0.000299556664833232,2,1
2,26,0,500.35989476695283,225.4194838697957,1.1727977616521437,1.8322197237595803,0.0,0.00021524942064716666,2,1
2,26,0,227.5343309152234,281.3723794577357,1.4899664668007304,1.4757589633873962,0.0,0.003298573059242562,2,1
2,26,0,530.1500405017407,939.9797878213703,1.3623524119610604,1.8748598868631845,0.003319117848429897,0.0,2,1
2,26,0,362.99989741245383,249.45275906677944,1.1716073620788496,1.492895664699871,0.0,0.002062519248828975,2,1
2,26,0,0.0,196.86696342241646,0.0,1.6398187349685958,0.0,0.0,2,0
2,26,0,0.0,228.60101303838837,0.0,2.0657158709162564,0.0,0.0,2,0
2,27,0,11208.360789472632,170.1253263237308,0.9462734405957692,1.637054385953047,0.0020040814659616764,0.0,0,0
2,27,0,1761.9784320207598,75.57799138259996,1.1462573765453354,1.9089117540788043,0.01062594665943904,0.0,0,0
2,27,0,2511.789247120776,90.13868188830135,0.9696715788285112,2.2830558798156773,0.0,0.00022374116611236612,0,0
2,27,0,4743.453672403061,10595.07676505783,0.9634758838617191,2.169264273022156,0.0,0.010607349360657737,2,0
2,27,0,2816.802226565991,7075.6712508279115,0.7816975844108216,2.0877374660582926,0.0,0.03400948439951038,2,0
2,27,0,2732.009345111413,468.99060425514585,0.6766190688450493,2.009480291609876,0.0,0.000608959081830523,2,2
2,27,0,4164.565159465593,250.85707379815943,0.6524010873894565,2.229977554704325,0.0,0.0012151362397016332,2,2
2,27,0,2350.8064551098723,121.85652065533884,0.5201518477483936,2.0402279680588684,0.0,0.00017565386181750856,2,1
2,27,0,2185.743838249614,163.77535628621175,0.6390403933823268,1.9807877317345752,0.0,8.799216573548196e-05,2,1
2,27,0,1708.6999412342395,192.77003770482943,0.7176597055166761,2.1420090947255264,0.01089939932174745,0.0,2,1
2,27,0,2255.6903420329204,314.61923489045614,1.088651344244129,1.9084869247901928,0.006879053933572381,0.0,2,1
2,27,0,1907.0428481983965,140.34774301017538,1.0884272840676936,1.9256491092514807,0.0,0.0002584371834519094,2,1
2,27,0,354.0588917956687,175.62976556301714,1.5153212359729566,1.4917086420537562,0.0,0.0018402610719949288,2,1
2,27,0,133.8508901084192,245.0425259129245,1.2775472700493935,1.6022483406191996,0.0019411283184833465,0.0,2,1
2,27,0,6849.315068493151,169.13971620536088,1.327915322192721,2.2209802491045374,0.0008318379296259928,0.0,2,1
2,27,0,0.0,153.34104487761942,0.0,1.6240819207548318,0.0,0.0,2,0
2,28,0,1345.9744350095145,101.19189281069583,0.4066922541229567,2.145723020327195,0.00473963696256304,0.0,0,0
2,28,0,5030.378003704001,74.4460934143204,0.539011657917348,2.2542477594230275,0.0,7.519156797942372e-06,0,0
2,28,0,2212.5076634509423,114.0906135400715,0.5833212946954842,2.214761660138717,0.0,0.00013177704889509004,0,0
2,28,0,2971.1444514723617,370.7552447404271,0.6552804775236536,2.0563047005918573,0.0,0.00032522117089462484,0,0
2,28,0,2250.4444056826774,8620.570827425106,0.8907350620497447,2.1993465459245733,0.0,0.045271875280164735,0,2
2,28,0,4229.865644859336,3507.242122339447,1.0365177750781425,2.065810692327449,0.0,0.012569635965770341,2,1
2,28,0,1660.3731449840814,225.76704651046933,1.1408117543031933,2.1980841368502992,0.0,0.0007604952705963843,2,1
2,28,0,2017.3116648761745,424.1045887046464,1.1963549932863269,2.1525872209064367,0.0,0.0008366472919708699,2,1
2,28,0,678.2812458120667,508.28382147834367,1.1082893765106352,2.1645376755125056,0.0,0.001543044109805779,2,1
2,28,0,326.1124276837015,318.3936895698242,1.4299916037612221,2.221974790214877,0.0,0.0019377963197106216,2,1
2,28,0,375.7719060540892,389.5208263650431,1.3602363720774926,2.0183999637661767,0.0,0.0027626096601806897,2,1
2,28,0,251.6325063137729,274.50597942411684,1.195560559407771,2.093145495521795,0.0,0.003607973058017714,2,1
2,28,0,262.3695925510314,140.65360029183205,0.758450807299197,1.89658213929124,0.004595892431296958,0.0,2,1
2,28,0,0.0,145.26396419854368,0.0,0.4082611175974491,0.0,0.0,2,0
2,28,0,0.0,234.17194687246436,0.0,2.733412785329114,0.0,0.0,2,0
3,24,0,0.0,238.30483084384892,0.0,2.084902288793471,0.0,0.0,0,0
3,24,0,681.6834617664492,6120.185586287504,1.443032682952646,1.9390040570505815,0.0055442642679499905,0.0,0,0
3,24,0,4159.751847874439,3394.5204866262156,1.4338890574425054,2.0935247348456256,0.01666658759475399,0.0,2,0
3,24,0,3815.9283617872893,472.4312361275058,1.467068984752479,2.0706210301826005,0.0,0.0009122531966741779,2,0
3,24,0,6366.111713486778,555.0029967427147,1.4628051985570645,2.1557078640776792,0.0,0.0006324304781290084,2,2
3,24,0,3201.2717123053753,169.84827998453818,1.5164630792799518,2.143391864203896,0.0,0.00018340957365750092,2,1
3,24,0,1381.8403607092469,245.91773177602437,1.572905828526817,2.1491424025177315,0.0,0.0003104857028279529,2,1
3,24,0,269.1728351798341,393.0137087590967,1.4505088414046992,1.8613297425890785,0.0,0.0005475539604043993,2,1
3,24,0,654.9326368788073,450.4986893629902,1.8592606924897543,1.8442043968722557,0.0,0.0005413253926948552,2,1
3,24,0,828.2653283087186,284.68833701781034,2.025947267988901,2.008566287733441,0.0,0.00030589322559605736,2,1
3,24,0,285.3409824740565,198.282213483108,1.9396342661307442,1.803194980236012,0.0,0.00017551659437993404,2,1
3,24,0,975.8747658961412,150.18988814322532,1.4136013947432349,1.8653429707011482,0.0038274076611256843,0.0,2,1
3,24,0,774.6049401615339,165.47064179270032,1.392918891843567,2.1537015963229607,0.0,0.000301590390004093,2,1
3,24,0,521.6114649580853,299.5847352218754,1.3022902662685565,1.8374665126968623,0.0,0.0009361972811684043,2,1
3,24,0,0.0,193.09233753953185,0.0,1.7079171023672417,0.0,0.0,2,0
3,24,0,0.0,147.5931039862187,0.0,0.698974319038589,0.0,0.0,2,0
3,27,0,345.383375546857,176.07652595125043,1.3563276087201828,2.4852599566565923,0.0017201820228457602,0.0,0,0
3,27,0,766.6557097065338,180.16039926571742,1.3664078203800702,2.0555483626219453,0.0,0.0010627896473882703,0,0
3,27,0,1199.898206390354,18708.133471268466,1.4780419544609882,2.0910030994504205,0.0,0.024461722569583108,2,0
3,27,0,2014.5008331759016,8053.722956204211,1.5023195918295846,2.051662612110419,0.0,0.008220827293708606,2,0
3,27,0,3022.5856804080013,239.0557682310552,1.537762116772223,2.2300485950552558,0.0,0.00016808650267802672,2,0
3,27,0,2111.4732878089058,215.2928734612713,1.6372348912255663,2.1136084016600005,0.008282914872592037,0.0,2,2
3,27,0,2000.1600128010239,152.60865698567127,1.5040215129873915,2.0450970906241346,0.0,0.0001702634415085224,2,2
3,27,0,2568.419659212371,303.8745627030407,1.5511025573143309,2.0523576391052565,0.0,0.0002636302652971899,2,1
3,27,0,1099.3037742762917,555.0320953169905,1.4878554629776548,2.2021797919771506,0.0,0.0008238288177031394,2,1
3,27,0,544.0052981385559,279.1120923013098,1.484452193341699,1.9202330426576155,0.0,0.000852494619970328,2,1
3,27,0,420.7742245732147,102.70340806229082,1.4616302969837496,1.9040487886912432,0.0,0.0001498339461756118,2,1
3,27,0,381.88586012502435,274.74333338779104,1.5430604464114606,2.030801124152816,0.0,0.0016280714723235,2,1
3,27,0,332.839814884073,90.22212532843531,1.3771480080048906,1.8415230856183904,0.002673085139848217,0.0,2,1
3,27,0,325.2199513881757,200.08175893938932,1.1142264071493369,2.027301934827033,0.0,0.0011809081459345071,2,1
3,27,0,125.0,98.64025071875632,1.2125631191321924,2.370231032056909,0.0,0.0007123283070656388,2,1
3,27,0,0.0,128.97878424994352,0.0,2.2043399890345508,0.0,0.0,2,0
3,29,0,944.8864191322959,132.61355867835016,1.4314760957117054,0.9326914978883198,0.002350559536167951,0.0,0,0
3,29,0,1578.5364540106518,84.33372140811215,1.375581508807033,2.1392617816712423,0.007248820780709738,0.0,0,0
3,29,0,3946.042692711083,71.36345799288286,1.4925438020550887,2.0428899315556124,0.0,9.318380543529888e-05,0,0
3,29,0,2895.2969509123573,15379.121181859176,1.6092609213018894,2.0900656319523856,0.0,0.00743992482566581,2,0
3,29,0,2585.362725408965,4272.238610669065,1.5604086362834528,2.065832483294951,0.0,0.005254712007242042,2,2
3,29,0,2412.84003186096,224.8628222437926,1.525568023437128,2.096876907493107,0.0,0.00047849537929914695,2,2
3,29,0,2086.509910922077,193.37662019033337,1.5024780371888418,2.2397756761641934,0.0,0.0005631436854841893,2,1
3,29,0,1640.1155344552012,177.03179456023278,1.375384405896602,1.9320614615924299,0.0,0.00024251947794360802,2,1
3,29,0,1785.9294078162293,63.8666618413571,1.0575125878221519,1.9676489730026256,0.0,2.557822254095992e-05,2,1
3,29,0,1207.6267617769627,209.4226379365976,1.1765864950398193,2.188934085498731,0.0,4.771900854654581e-05,2,1
3,29,0,447.53621482483777,265.83645537058146,1.393013204923091,2.166429585488549,0.0,0.00020510609748276905,2,1
3,29,0,313.2161034918036,163.54354544519518,1.7263848510345794,2.294330690386917,0.000995059184347236,0.0,2,1
3,29,0,183.8460595661233,127.34549247847158,1.5852093796236222,1.8069193820182667,0.0,0.001212974106074058,2,1
3,29,0,0.0,145.89247137020368,0.0,1.8809735412888005,0.0,0.0,2,0
3,29,0,0.0,125.50807042634115,0.0,1.643087448725548,0.0,0.0,2,0
4,24,0,1503.929459467381,210.37383556428745,2.1055638586190013,1.6154864620982603,0.0010147871776309632,0.0,0,0
4,24,0,2352.0433226885602,56.64878921628268,2.306876764661301,2.11446975438724,0.0,0.00021258882952808846,0,0
4,24,0,6083.731735264735,122.23053939070972,2.1594761072336826,2.2804984247033517,0.00464289103168774,0.0,0,0
4,24,0,2680.750296834025,175.4484095735185,2.1005270334098927,2.124488351068376,0.0,0.00030841411307573304,0,0
4,24,0,3682.0485901362536,378.5871566763756,2.1248227985393564,2.2065509781521757,0.0,0.001233412093741701,0,2
4,24,0,1847.921948266116,345.88827965047653,2.1346734053780336,2.256311516200729,0.0,0.00015234106109433484,0,1
4,24,0,2143.725479147101,17283.69739298148,2.201694983656694,2.0872508133312566,0.0,0.004346744494896636,1,1
4,24,0,1369.068832148618,1967.7536127404826,2.255476225982413,2.071548231311169,0.0,0.0028136557707370553,1,1
4,24,0,1435.5761258667897,276.4404548592489,2.155127770175647,2.240603306664538,0.0,0.0003913151913795459,1,1
4,24,0,844.9188854278813,135.17015181502515,2.1827226891325595,1.937286868550124,0.0,0.00033581137547658433,1,1
4,24,0,491.3575169361837,196.0281956494347,1.8266287118675055,1.9523725166169237,0.0,0.0002883416074837888,1,1
4,24,0,189.29934548029078,108.53307800543683,1.2912776994410848,1.7616818005598105,0.0,0.0003025841035760555,1,1
4,24,0,332.1209998305278,203.82058146423725,1.5592451680336046,1.8887301129840133,0.0,0.0034237891795296928,1,1
4,24,0,0.0,170.88794519198268,0.0,1.1051166912910195,0.0,0.0,1,0
4,24,0,0.0,139.4319485973078,0.0,1.9317218615882936,0.0,0.0,1,0
4,25,0,755.4086474555169,175.1255186875151,1.933996003129072,1.581844423963756,0.0008459910438805472,0.0,0,0
4,25,0,1667.4625575695122,63.1347403404469,2.1500141325638547,2.0370178491363844,0.0,8.326768385310671e-05,0,0
4,25,0,4707.707033694907,194.66796562651672,2.023764413029971,2.173550167090292,0.0,0.00015527950329832102,0,0
4,25,0,1857.8965262921724,138.65361689302514,2.056197552753509,2.07588149815439,0.0,0.00011712161345772969,0,0
4,25,0,3781.493414718161,12176.56650596331,2.003581823813388,2.056269882471956,0.0,0.003042673253400434,0,2
4,25,0,2674.4308351986065,5888.748640788712,2.049770030800095,2.0559607090592222,0.0,0.004225359395240685,1,2
4,25,0,1673.4214930986514,443.4157910104377,2.0830449779107187,2.066347502368194,0.0,5.1448898203415615e-05,1,1
4,25,0,378.48965143739184,259.96004255201956,1.6430107776364162,1.6489220861288345,0.0,0.0011351774166577964,1,1
4,25,0,1026.6631620371195,136.22178581179486,2.0824157244636763,2.18401638803017,0.0,0.0003207221891015784,1,1
4,25,0,984.1713268645847,234.55034041146686,1.9629144431698784,2.092318908839281,0.00046831113858116446,0.0,1,1
4,25,0,858.9282020867578,159.65408893804485,2.0440728695123567,2.0385740163840023,0.002069258640240329,0.0,1,1
4,25,0,927.39245950419,142.60795644940075,2.4622118905382293,2.094338447003394,0.0,0.000583847079669363,1,1
4,25,0,980.3457238149092,133.53699695958107,2.145895154577546,2.297939558514342,0.0,0.00012293978697202644,1,1
4,25,0,836.5981799010069,68.70957238627585,2.4333475672149407,2.09845513835566,0.0,0.000273358755829473,1,1
4,25,0,499.55454321356046,154.55287569311193,2.1277172078194937,2.284708380113848,0.0021732400729403576,0.0,1,1
4,25,0,121.72854534388313,85.62931499133259,0.9767901708691996,1.9556850235152659,0.0,0.0012145880947399812,1,1
4,25,0,0.0,180.19938577135738,0.0,0.9247897157721928,0.0,0.0,1,0
4,29,0,356.2699489540484,159.13350428697353,1.684774393383081,2.2056312582804285,0.00031634062331576746,0.0,0,0
4,29,0,1100.7181707230718,104.0559471156595,1.9879771911704267,2.0333044382950964,0.0,0.00030830758181116263,0,0
4,29,0,1482.2637473325947,150.1778879376224,2.0094653583490047,2.0749121907513723,0.0,0.0004266008476609457,0,0
4,29,0,2406.5088374464262,131.10799101036793,2.128436439238764,2.177715631887412,0.0,2.041923541139788e-06,0,0
4,29,0,3249.631765599631,15091.117339692964,1.9693637298424969,2.10766451133376,0.0,0.007578613710683075,1,0
4,29,0,3169.167036956477,2301.182650793072,2.13957340095557,2.055105026809664,0.0,0.006891025546245895,1,2
4,29,0,1803.3290403262051,496.5040114423298,2.1193445915912483,2.155085922354853,0.0,0.000528464004941725,1,2
4,29,0,2201.219895868955,151.19756039567014,2.201853588592065,2.079906296548361,0.0027385776951917985,0.0,1,1
4,29,0,1180.7212442482594,203.44466250745944,2.239038081509261,2.1024766178831213,0.0,9.727529723657154e-05,1,1
4,29,0,1004.9115683026133,224.0910305153235,2.1320037351825425,2.0810720581532363,0.0,0.0007508653305279178,1,1
4,29,0,421.1097381849344,1113.0742824574627,2.0844458776453862,1.9195170340203156,0.0,0.003424337842248494,1,1
4,29,0,462.5713551790386,194.97279220297528,2.1397705814334254,1.86710688946452,0.002965412356618175,0.0,1,1
4,29,0,492.2171375409436,70.36706927093675,2.0779322461514096,2.16557914372011,0.0020939238010486056,0.0,1,1
4,29,0,722.9298232803525,91.02860531971413,2.151047966033,1.9936693325433752,0.0,0.000254919499909697,1,1
4,29,0,496.3528570217939,68.11069577064539,1.9135876802609095,2.3450225621193987,0.0,0.00016824933243353153,1,1
4,29,0,506.2314683123207,232.8957814480736,1.8056818825453111,2.2235855661214785,0.0,0.0006901393670366016,1,1
4,29,0,260.2487632875101,132.6892543510025,1.4582059301049792,1.5147873124475428,0.0,0.002414279590158332,1,1
4,29,0,78.60090391039499,231.6962416722028,0.976842492002366,1.995104391440656,0.0,0.004549011509124817,1,1
4,29,0,115.75413821044106,151.3934400206598,0.9772192519652212,1.5891286794524333,0.0,0.002666385668658275,1,1
4,29,0,0.0,85.88194482503398,0.0,1.4016267875105572,0.0,0.0,1,0
5,24,0,813.7844214679195,228.51653828131583,2.5340662922477217,1.982177755234358,0.004159603662151254,0.0,0,0
5,24,0,1865.231401034675,48.51688227803438,2.6348349498039294,2.0707490779093307,0.0,0.00027885749530219946,0,0
5,24,0,2409.577778489744,203.0834186298323,2.7223319485040456,2.033248612128093,0.0,0.00015983109886762688,0,0
5,24,0,3625.397558585756,559.6279831293549,2.6712665198347927,2.076786439893284,0.0,0.0009200142212436394,0,0
5,24,0,3029.436981994856,183.86223858530053,2.8889392201008306,2.1363005738849927,0.0,0.00013789844741232639,0,2
5,24,0,2352.872084526558,4241.665049982882,2.7963833961291464,2.051824597200565,0.01367201151452095,0.0,2,1
5,24,0,1674.0890577736648,3241.229641742985,2.61491122569473,2.1637291543989066,0.010449879399424409,0.0,1,1
5,24,0,1340.1793162735319,375.70878971876294,2.272906340081516,2.459463937806525,0.0,0.00045833135534345743,1,1
5,24,0,617.809470153265,183.59008436972144,2.328985412865783,2.3188881379077446,0.0,0.0005855657340582555,1,1
5,24,0,666.1776604164863,115.26698377010388,2.7351463435361127,2.3186745377285933,0.0,0.0008312115939116304,1,1
5,24,0,635.4009077155823,279.52522388990616,2.521569493109477,2.320440810993212,0.0,0.0013668672123177148,1,1
5,24,0,662.4311222185421,87.89616365427129,2.539993311989233,2.2622662645231544,0.0,0.0007633040127289898,1,1
5,24,0,852.9851287612663,455.95675517373087,2.4987818835409112,2.065471879130397,0.0,0.002887655158731117,1,1
5,24,0,470.10430439253713,172.47397068418977,2.185355535008838,1.5442091942705916,0.0,0.0024286530937022628,1,1
5,24,0,0.0,90.82763741322785,0.0,1.5287856008087917,0.0,0.0,1,0
5,24,0,0.0,1007.8684119686387,0.0,1.84189815386086,0.0,0.0,1,0
5,25,0,1154.6642357945916,388.46719293035966,2.7842490870957377,1.6525623762119988,0.007221613399322992,0.0,0,0
5,25,0,3542.7994859911987,271.7560394826947,2.922776040930956,2.1937852390408117,0.0,0.0006903641467508206,0,0
5,25,0,2948.651650773784,228.01621428622747,2.718774695824083,2.1271579084917893,0.0,0.00024318005464262968,0,0
5,25,0,4179.516204395688,214.4152552832872,2.6444311788323134,2.180953840152829,0.020892877256597067,0.0,0,2
5,25,0,4426.897378227121,3032.3974173412016,2.8280654364075697,2.1223445016978317,0.0,0.009797231433288386,0,1
5,25,0,3336.5613491508507,3235.9691545470982,2.7880475854187177,2.1086503726242287,0.0,0.022625317379619883,1,1
5,25,0,2184.8215963624275,1376.2796085473728,2.5107003729635498,2.169641032531556,0.0,0.013106413365102095,1,1
5,25,0,1014.4301881629517,317.08894605841164,2.2863596494096465,2.183782195130628,0.0,0.0031256386502742143,1,1
5,25,0,69.8526109908094,123.8284257437085,1.2926006404690646,1.1789565310735777,0.001342374058481655,0.0,1,1
5,25,0,76.6107408258638,133.582415940022,0.5025704527722684,1.3533683665243454,0.0016729146904200171,0.0,1,1
5,25,0,0.0,104.71390411528317,0.0,1.0790331120312804,0.0,0.0,1,0
5,25,0,0.0,99.9453606389335,0.0,1.4595728231847978,0.0,0.0,1,0
5,27,0,968.7969435825403,241.01728036867692,2.7257267881875102,1.6889297097105005,0.0061851834036940785,0.0,0,0
5,27,0,4032.7402549355975,209.5774389233761,2.694260085380277,2.1996095796121717,0.015091688583399166,0.0,0,0
5,27,0,3493.989339763829,149.91560634923638,2.7470235317574643,2.0986587315883707,0.0,0.00014152199505806568,0,0
5,27,0,2559.078731656604,126.94092064846451,2.7877397312389505,2.0690160554676584,0.0,0.00018255752244989397,0,0
5,27,0,2552.1522267120718,135.07970463581134,2.7407489099564684,2.250378421061714,0.0,4.165098293092029e-05,0,2
5,27,0,2237.2601993213625,4133.401005406714,2.721126965915783,1.958166847860053,0.0,0.026046323861719442,0,1
5,27,0,1428.4993220572985,4455.508242147598,2.8137074001649585,2.1077684797779304,0.0,0.012298701625491997,1,1
5,27,0,735.8310707562861,1702.3320395367346,2.53669980591738,2.018051707028694,0.0,0.017215192744500767,1,1
5,27,0,325.7440680290769,214.21621367916748,2.371333704126437,2.196556784215973,0.0,0.00271372208888433,1,1
5,27,0,190.87375772836708,130.04179749444737,1.734246010043404,2.006657150380255,0.001236434675164956,0.0,1,1
5,27,0,271.4302678677456,139.21480269187362,2.200872615162209,1.9694740183181216,0.004127945602596507,0.0,1,1
5,27,0,430.1079288658531,84.44862078583175,2.4835582946853183,2.131193230436113,0.0,0.0004648481907722246,1,1
5,27,0,1074.4985673352437,122.14025345080064,0.932851218082159,2.0704854824097443,0.0007420682456447008,0.0,1,1
5,27,0,0.0,157.69934538717374,0.0,1.5015001951411455,0.0,0.0,1,0
5,28,0,993.9279811289928,199.6129164691032,2.2424869849541897,1.9357069994974057,0.002710717627366264,0.0,0,0
5,28,0,1314.8440255670255,99.27369545146074,2.57847265180035,2.0422406241014452,0.0,0.0002864761667090295,0,0
5,28,0,2187.2300455863788,125.6300233123272,2.6729745869081176,2.134240079016088,0.0,0.00018568407824941984,0,0
5,28,0,3952.0328310106543,272.59244980741454,2.8407447847308283,2.2436428141870275,0.0,0.00023935982723366538,0,0
5,28,0,3578.389356710637,328.2238596833656,2.6884201626299853,2.0871133410215075,0.0,7.071028403845936e-05,0,2
5,28,0,2621.6547955075603,2338.747837891149,2.747808864677816,1.9956440978150127,0.0,0.010321936311015507,0,1
5,28,0,2239.5163437716424,4936.646480151022,2.609341388099596,2.016205854165579,0.0,0.02225053359280424,1,1
5,28,0,2052.7227827316683,1330.6245483668413,2.7125928093064946,2.305871819701352,0.0,0.004658758105597109,1,1
5,28,0,497.3843002175157,310.53774644339524,2.005151115060544,2.202538074633802,0.0,0.003924719281200972,1,1
5,28,0,10309.278350515464,113.47551124911095,1.5707963267948966,0.5437516737325131,0.000582181950898768,0.0,1,1
5,28,0,371.20925299613816,118.38630729134519,2.0774727002672546,1.8043423987619365,0.005878978593196873,0.0,1,1
5,28,0,383.70720188902015,107.56067979441599,1.9968639495958755,1.856587355942068,0.003243426891414629,0.0,1,1
5,28,0,0.0,96.31596238270146,0.0,1.8939295436045451,0.0,0.0,1,0
5,28,0,0.0,64.07628860266088,0.0,1.0092742882765795,0.0,0.0,1,0
6,24,0,1942.0410916108042,76.40512053639206,2.253093297295292,2.076544968558102,0.007646149733126644,0.0,0,0
6,24,0,1968.5430992833303,108.08520277290228,2.4222227602434483,1.9550312634624136,0.0,0.0007420173310210094,0,0
6,24,0,2670.945689570306,268.73557448685847,2.3425719833936816,2.2473905510242984,0.0,0.0005498417179197259,0,0
6,24,0,4458.522495858104,73.49970908613474,2.3431590049941367,2.154171352627602,0.0,6.896711461096597e-05,0,0
6,24,0,2766.5909296147565,267.99463260419685,2.161754853175489,2.1787925380719697,0.0,0.0002328099299613711,0,2
6,24,0,2179.6748879165743,3224.291990744065,2.069062749167804,2.235851840829294,0.0,0.004627229351184053,0,1
6,24,0,2444.791372280113,9334.390361995711,1.9697287187831003,2.2374952045723937,0.0,0.061038981007296364,2,1
6,24,0,748.6746506485479,1378.5720280761536,1.811895218310976,2.2350814128384657,0.010367026501846384,0.0,1,1
6,24,0,307.57582927175514,283.52232471651064,1.6119379295640672,2.036347635426618,0.004353922737288568,0.0,1,1
6,24,0,799.6029602322685,179.91304777742528,1.8726566716531416,2.276045595119031,0.0075676961789719124,0.0,1,1
6,24,0,696.4214237716337,177.79651994292857,1.7832762160750577,2.1248293816458457,0.0,0.000564315504626647,1,1
6,24,0,542.619199282799,365.50466920732026,1.5127962017344596,2.2311503455051005,0.0,0.0025186201728679748,1,1
6,24,0,545.4890427853145,130.93989916479333,1.1909928144045396,2.3878709452258886,0.006358246088196252,0.0,1,1
6,24,0,0.0,298.6979709230971,0.0,2.042146428072502,0.0,0.0,2,0
6,24,0,0.0,149.4935547655784,0.0,2.2534248970400803,0.0,0.0,2,0
6,27,0,1660.2049558895194,175.9885290813301,2.5335492510518067,1.3529326448859913,0.006174174903877978,0.0,0,0
6,27,0,2457.8065186356907,112.60689558638781,2.420394520171464,2.146919757343669,0.0,0.00048181883475433116,0,0
6,27,0,2610.1138912429183,12253.562340515651,2.204501429153883,2.180960349336189,0.03252060574572745,0.0,2,0
6,27,0,4567.433835877748,1042.5979032667324,2.1909518719235206,2.3519817175594198,0.0,0.011999859479422037,2,2
6,27,0,2691.043463538815,300.34641158815674,1.9778983781857888,2.4116759053437318,0.0,0.0021788770295213112,2,2
6,27,0,3430.308020417397,310.99765860207606,1.8011280210510623,2.4300389361014827,0.0,0.0021529330103841468,2,1
6,27,0,1238.533504561125,209.99557052555642,1.8242706415075047,2.320602892579702,0.0,0.003162410511293505,2,1
6,27,0,342.16440249777725,106.9047792897065,1.9155923826000418,2.157448808280962,0.0,0.0006821610642378062,2,1
6,27,0,296.93969928482966,291.5169805325419,1.919414412879872,1.7536115940673538,0.0,0.0025164053632482845,2,1
6,27,0,580.3979192013044,138.0638559991686,2.1876873260130734,2.1600132524830387,0.0,0.000866210474776766,2,1
6,27,0,755.093655579905,127.03605947628284,1.973165423019384,2.472418753343125,0.0,0.0006931982673158572,2,1
6,27,0,324.5200519232083,135.59951825673974,1.8354427846232744,2.0970177734596587,0.006755996491707161,0.0,2,1
6,27,0,0.0,129.15697606185827,0.5340611051215908,1.4018110232065897,0.0,0.0,1,0
6,27,0,0.0,112.5190294761002,0.0,2.166887695098816,0.0,0.0,2,0
7,25,0,1306.1326035576565,300.6015031165594,1.4274718815024676,2.1623733004060406,0.0023831240259936733,0.0,0,0
7,25,0,1723.3832305354285,160.90859900160274,1.5488676990220749,2.125205640361249,0.0,0.00031194734820284614,0,0
7,25,0,4233.006275779047,290.20689729286573,1.5413990355968477,2.0856666028243263,0.0,0.00013823072767273726,0,0
7,25,0,3948.938056700089,12370.611581680703,1.5315339506088863,2.2310503016832435,0.0,0.04756481246719799,0,0
7,25,0,3218.098065453852,7814.133051364921,1.5334631814615265,2.3458536067534435,0.0,0.0437931186255725,1,2
7,25,0,3234.2262719154096,339.9133084468719,1.5006714028689134,2.283835481135995,0.0,0.0008200439459484745,1,1
7,25,0,485.6333468231485,178.96817930673225,1.3105943640941142,1.9447997049514276,0.0,0.0008678750260998331,1,1
7,25,0,145.81124072110288,116.96365930065521,0.8751727880787219,2.1866836436839567,0.005278089431854222,0.0,1,1
7,25,0,408.77885741181956,141.82234939661018,0.7068573429544491,1.8485629172225864,0.0,0.0015397439101262913,1,1
7,25,0,761.7754879827737,123.40446911266231,1.1179652391925992,2.5436961661548634,0.0,0.0009118999529424463,1,1
7,25,0,854.852566332522,139.05031692592166,1.1144103094498083,2.1487370442529503,0.0,0.0015574273861774044,1,1
7,25,0,167.01262138238732,188.61452261025212,0.9559465035568352,1.6649765772253435,0.0,0.0018269844239276198,1,1
7,25,0,179.75481443311324,148.38846356049905,1.1063830216085784,2.1050087158805044,0.0,0.0023128852225845088,1,1
7,25,0,119.18477613126215,136.0970040197534,0.9057932163667556,2.2196455684914067,0.0,0.00175531251391985,1,1
7,25,0,0.0,131.15599186092166,0.0,0.4920501881986333,0.0,0.0,1,0
7,27,0,387.79731127197516,190.64232121755325,1.7493183032915554,1.9498148562777569,0.0009403701500855314,0.0,0,0
7,27,0,1400.6103235611151,507.20463433260977,1.675719707504873,2.173291757033782,0.0,0.0006636713784795297,0,0
7,27,0,2792.8642193724822,15281.786472274085,1.6030724701632513,2.2715197458257483,0.0,0.04578027380894923,1,0
7,27,0,3585.800231084904,4155.651080514225,1.4677811515886148,2.36767700951924,0.0,0.022838796864709462,1,0
7,27,0,3476.3795680495537,372.64439856587234,1.4476639616154017,2.425300364862793,0.0,0.0013309690471660052,1,2
7,27,0,2695.923969562277,249.44694467270162,1.4032606891334125,2.4503319895823203,0.0,0.00040349783246491466,1,1
7,27,0,2030.759138306759,125.98822477148384,1.3334990165973517,2.4836970542343444,0.0,0.0008398925652005607,1,1
7,27,0,613.468063913963,133.49379299336485,0.9812826526374849,1.8211331286739871,0.0072424234603679204,0.0,1,1
7,27,0,55.327075226379954,175.15610860413503,0.8149329133997747,1.6040946338779616,0.0018573533848280153,0.0,1,1
7,27,0,201.3179615885329,127.10358485484517,1.1164356826118569,2.2876743627790668,0.0,0.0011546098992643538,1,1
7,27,0,876.5029179247424,128.4075936439742,0.7748903574797839,2.34273851431517,0.002345799480633323,0.0,1,1
7,27,0,0.0,245.55894780936612,0.0,1.6400916975638449,0.0,0.0,1,0
7,28,0,4698.3839281498185,181.52023879062267,2.3561944901923453,2.1490693325955847,0.0007049952279607732,0.0,0,0
7,28,0,1513.444199373096,7560.399199421558,1.8359912527023463,2.2022877432945624,0.0,0.014651249536963631,0,0
7,28,0,2631.0543636253965,10679.00754487536,1.6308377145162205,2.325195300655236,0.0,0.020146391528993796,1,0
7,28,0,2328.382175832999,421.63555882789,1.4652321226532734,2.371016026636424,0.0,0.003647733605257,1,0
7,28,0,4018.003287240199,272.7575855781675,1.4344821231807223,2.384756366504482,0.0,0.0012962761104610328,1,0
7,28,0,5963.199540258968,102.84346523078399,1.3570307491000593,2.402272098708732,0.02137965882676206,0.0,1,2
7,28,0,2931.406899292653,540.9271931599659,1.320130263379906,2.427978195784791,0.018217221451907944,0.0,1,1
7,28,0,1930.8035233008436,188.22341002355148,1.3214931019492455,2.466424771270635,0.0,9.956583096244664e-05,1,1
7,28,0,265.0767594561152,152.72977013689433,1.1315911652213275,2.334974169916445,0.0,0.0011704577102444028,1,1
7,28,0,289.25830766874816,230.437285217685,1.4954632921303923,2.23793015770658,0.0,0.0014654823931279195,1,1
7,28,0,913.3273889921263,181.42442973310918,1.4300789216096197,2.315671251604194,0.011023492149781143,0.0,1,1
7,28,0,959.654245792904,142.81789707183816,1.4878756414057506,2.4120419989525903,0.014421711473755703,0.0,1,1
7,28,0,1312.9896627793264,129.36878378029144,1.4365441774273662,2.355039082821224,0.0,0.0012425224956801614,1,1
7,28,0,6666.666666666668,138.29596022951907,0.6651530895796544,1.189358688278055,0.0,0.002750715013743825,1,1
7,28,0,0.0,85.23077904915002,0.0,2.6107298100787584,0.0,0.0,1,0
7,29,0,773.8223624530216,193.79605148420796,1.5391935100359635,1.1279871776448442,0.0018926364351919468,0.0,0,0
7,29,0,1369.6625378904478,332.2816131114572,1.733294084931884,2.237833378012588,0.0,0.00036567628964105664,0,0
7,29,0,2965.813170902732,154.082245335398,1.5471172061393657,2.1961195409219965,0.0,0.0007894896613961947,0,0
7,29,0,3591.288229842446,17187.21334449288,1.4657133844664096,2.224630351959006,0.0,0.04350123616097268,0,0
7,29,0,6354.982750861309,6345.820028072082,1.4086852585319851,2.3710184286958493,0.0,0.013480998497904179,1,2
7,29,0,3916.550535378709,536.7285128621113,1.3710067583175574,2.3969297299541794,0.02536385031779923,0.0,1,1
7,29,0,5317.304459840856,303.99850021019273,1.405064320896288,2.264549308693395,0.021876826424419637,0.0,1,1
7,29,0,1691.0299421850175,314.53725429411645,1.3330413354200814,2.431306615245344,0.0,0.0007117612712767247,1,1
7,29,0,556.4609086211693,122.46864659288653,1.2871588906728189,2.392059350893243,0.0,0.0005086584013540974,1,1
7,29,0,276.1954082513378,72.32377922617503,1.7387700743234302,1.8291629221489467,0.0,0.00036890209188891466,1,1
7,29,0,589.3199364406719,165.01972224040412,1.640536145476618,2.0588975162770926,0.0128077843793937,0.0,1,1
7,29,0,277.16533190221395,147.5120225192416,1.2135258689120518,1.7326031946040121,0.009652692227260664,0.0,1,1
7,29,0,363.4381246592768,125.82197318208193,0.7797382415463338,1.9330009767046237,0.0,0.0005439463979392598,1,1
7,29,0,0.0,82.83295787798869,0.0,2.56506438390006,0.0,0.0,1,0
7,29,0,0.0,173.18898514523337,0.0,1.03559600653491,0.0,0.0,1,0
7,29,0,0.0,124.12036805749672,0.0,2.5578583808055737,0.0,0.0,1,0
8,28,0,887.9226159522564,159.73969796981694,0.6932309481665461,2.57553201249342,0.0014430925704078511,0.0,0,0
8,28,0,1277.042162816711,186.50101944225653,0.934152560243332,1.9861865661649496,0.0,0.0003347123389009504,0,0
8,28,0,2119.917483659595,10943.239211637048,0.739708442927995,2.2319131546799698,0.0,0.01352008308785501,0,0
8,28,0,3000.031707012044,10050.972668626371,0.7533523567148996,2.2896981340964495,0.0,0.02718008028571919,2,0
8,28,0,4686.058646238498,2716.62434299098,0.7687139902581215,2.2121676844271874,0.0,0.0060483734369792316,1,2
8,28,0,4003.3252613013774,399.4216439927972,0.8418265256276387,2.1971323663553366,0.014206458774414924,0.0,1,1
8,28,0,1783.6995620714538,547.1299071785278,0.9194912076231144,2.189301929669329,0.0,0.0026975567762513447,1,1
8,28,0,1369.2418752789793,150.99341395375973,0.9042604559881914,2.1909285397826115,0.0,0.0008000708349239327,1,1
8,28,0,921.6727817255808,249.98756952768449,1.0353786281766892,2.6797990387636204,0.0,0.005993439377890773,1,1
8,28,0,476.91436406450265,290.6330709248233,0.5049961242340973,1.5155162055715188,0.008742922892560257,0.0,1,1
8,28,0,879.8752424925052,178.8169073513888,0.6311810508560872,2.1650441715413,0.0,0.0003095848112289663,1,1
8,28,0,243.0527424451106,371.553947818238,1.108365207887288,2.718936463890392,0.0024025296090364355,0.0,1,1
8,28,0,123.8543472875898,232.9366400929793,1.3427580867088815,1.2424886789914362,0.0006056257506996451,0.0,1,1
8,28,0,0.0,243.4899938521607,0.0,2.13032467218468,0.0,0.0,1,0
8,29,0,853.376318320853,67.79181725585893,1.0323918357530932,2.136028186124425,0.000516031356496287,0.0,0,0
8,29,0,1406.459854378288,166.82544671052054,1.0052357502677782,2.2260840518271547,0.0,0.00017201030556408014,0,0
8,29,0,4219.457159367761,587.1549273575035,0.7798314334333862,2.137841723462846,0.00659291619974522,0.0,0,0
8,29,0,3013.333429853777,9853.937383298116,0.7953594259163964,2.314266947472375,0.0,0.026312510080974297,0,0
8,29,0,2999.932610833365,8577.729473897512,0.7865210372213907,2.172360574139077,0.0,0.0026085286046890195,1,2
8,29,0,2232.5674638226446,624.1806670963334,0.793207835853916,2.2368888368460107,0.0,0.004483982540666465,1,1
8,29,0,2694.3293065729144,126.92449438380173,0.8412084102627156,2.0294881952107,0.010930998506603742,0.0,1,1
8,29,0,1125.7449955773786,293.71966046267397,0.6183920152486454,2.2759789856555277,0.0,0.003290138518785794,1,1
8,29,0,231.28595702619228,377.7502481393615,0.5803484438394784,2.4488746999051787,0.0,0.009430313246859643,1,1
8,29,0,606.8215900458556,392.71924888298133,0.7663000111590821,2.2571172240094155,0.010686915532860724,0.0,1,1
8,29,0,857.7213118929898,241.95637729730393,0.7964879846735141,2.102065306943157,0.0,0.000985922509876133,1,1
8,29,0,697.0671069914242,390.35895645996885,1.0948519347944825,1.6384339264655707,0.0,0.007321210510769308,1,1
8,29,0,0.0,203.68648578393336,0.0,0.7957947584721,0.0,0.0,1,0
8,29,0,0.0,298.3158657380756,0.0,1.4563008417523586,0.0,0.0,1,0
